noise,Ld,cellPx,gapPx,pitch_um,cells,states_per_mm2,G0,s,Ia,dark,seed,t,ber,on_min,on_mean,off_max,false_activation,energy,lyapunov_at_end,fixed_point_residual
0,0.0001,3,3,120,9,69.44444444444444,2.6,-0.8,0.2,0,1,1,0,2.2439904359199745,2.2946464868059953,0.0054633439127278974,0,67.98483834372729,-0.004723899298730373,1.9999976209491463
0,0.0001,3,3,120,9,69.44444444444444,2.6,-0.8,0.2,0,1,3,0,3.4289122823218046,3.6554378334290925,0.013719298651630931,0,105.82852087825103,-0.004723899298730373,1.9999976209491463
0,0.0001,3,3,120,9,69.44444444444444,2.6,-0.8,0.2,0,1,10,0,9.417700747221376,10.680990924391851,0.03886464862509383,0,308.72341722625055,-0.004723899298730373,1.9999976209491463
0,0.0001,3,3,120,9,69.44444444444444,2.6,-0.8,0.2,0,1,30,0,13.145297245463079,14.780275289392458,0.061779188849621684,0,427.35383133062555,-0.004723899298730373,1.9999976209491463
0,0.0001,3,3,120,9,69.44444444444444,2.6,-0.8,0.2,0,1,100,0,13.422223585677393,14.90564943561138,0.06034223219602105,0,430.5132510853983,-0.004723899298730373,1.9999976209491463
0,0.0001,3,3,120,9,69.44444444444444,2.6,-0.8,0.2,0,1,300,0,13.920920080217947,15.109043609450703,0.06888938521171492,0,435.4488527278902,-0.004723899298730373,1.9999976209491463
0,0.0001,3,3,120,9,69.44444444444444,2.6,-0.8,0.2,0,1,1000,0,14.035243737980936,15.162321215252732,0.07374572055019298,0,436.7476993799535,-0.004723899298730373,1.9999976209491463
0,0.0001,3,3,120,9,69.44444444444444,2.6,-0.8,0.2,0,1,3000,0,14.031393479545585,15.159663773028768,0.07375864679906895,0,436.6704155588092,-0.004723899298730373,1.9999976209491463
0,0.0001,3,3,120,9,69.44444444444444,2.6,-0.8,0.2,0,2,1,0,2.210441570990069,2.2669541966583204,0.003560230802936214,0,89.92595671934413,-0.0007192879236843635,1.9999983567929092
0,0.0001,3,3,120,9,69.44444444444444,2.6,-0.8,0.2,0,2,3,0,3.3036185406324616,3.538466704214968,0.009054634974494673,0,136.81937333713992,-0.0007192879236843635,1.9999983567929092
0,0.0001,3,3,120,9,69.44444444444444,2.6,-0.8,0.2,0,2,10,0,8.689230226219408,9.956714237629093,0.023175347058303732,0,384.1678679417165,-0.0007192879236843635,1.9999983567929092
0,0.0001,3,3,120,9,69.44444444444444,2.6,-0.8,0.2,0,2,30,0,11.991673683740983,13.742159961362649,0.03659799694261903,0,530.0423582274093,-0.0007192879236843635,1.9999983567929092
0,0.0001,3,3,120,9,69.44444444444444,2.6,-0.8,0.2,0,2,100,0,12.285281868505356,13.947399411241157,0.04057471029377514,0,537.0894327297428,-0.0007192879236843635,1.9999983567929092
0,0.0001,3,3,120,9,69.44444444444444,2.6,-0.8,0.2,0,2,300,0,12.535034706613045,14.115032382928138,0.04469772585166006,0,542.4502171085915,-0.0007192879236843635,1.9999983567929092
0,0.0001,3,3,120,9,69.44444444444444,2.6,-0.8,0.2,0,2,1000,0,12.538677295252885,14.102420006720397,0.04509548896613472,0,541.8753462446388,-0.0007192879236843635,1.9999983567929092
0,0.0001,3,3,120,9,69.44444444444444,2.6,-0.8,0.2,0,2,3000,0,12.537868635004738,14.101446616893602,0.04506719729217556,0,541.8394179075447,-0.0007192879236843635,1.9999983567929092
0,0.0001,3,3,120,9,69.44444444444444,2.6,-0.8,0.2,0,3,1,0,2.193009749207052,2.257084457458,0.004389153253677659,0,155.7919774855961,-0.0006163843685493944,1.99999934537467
0,0.0001,3,3,120,9,69.44444444444444,2.6,-0.8,0.2,0,3,3,0,3.1678921854955653,3.434042338110493,0.00857800980216908,0,231.5136635882464,-0.0006163843685493944,1.99999934537467
0,0.0001,3,3,120,9,69.44444444444444,2.6,-0.8,0.2,0,3,10,0,7.324092801550787,8.653093986960984,0.017727385344114326,0,582.1351297691909,-0.0006163843685493944,1.99999934537467
0,0.0001,3,3,120,9,69.44444444444444,2.6,-0.8,0.2,0,3,30,0,9.597690056305682,11.462417282174098,0.02418517509850166,0,770.1893956633055,-0.0006163843685493944,1.99999934537467
0,0.0001,3,3,120,9,69.44444444444444,2.6,-0.8,0.2,0,3,100,0,10.247149920943805,11.795975459109476,0.029192182884224118,0,789.4677326439763,-0.0006163843685493944,1.99999934537467
0,0.0001,3,3,120,9,69.44444444444444,2.6,-0.8,0.2,0,3,300,0,10.514591374992333,11.958336499527125,0.04779824726733047,0,798.1220705326297,-0.0006163843685493944,1.99999934537467
0,0.0001,3,3,120,9,69.44444444444444,2.6,-0.8,0.2,0,3,1000,0,10.504707736961551,11.95196096699266,0.05142640256803324,0,797.6099497077296,-0.0006163843685493944,1.99999934537467
0,0.0001,3,3,120,9,69.44444444444444,2.6,-0.8,0.2,0,3,3000,0,10.504694842036338,11.951950386736135,0.05142854847649202,0,797.6091844829525,-0.0006163843685493944,1.99999934537467
0,0.0001,3,3,120,9,69.44444444444444,3,-0.8,0.2,0,1,1,0,2.5706658753548055,2.6288108409900457,0.006258363900789727,0,77.88676881689877,NaN,NaN
0,0.0001,3,3,120,9,69.44444444444444,3,-0.8,0.2,0,1,3,0,5.007413356411417,5.327255653100051,0.020376497606990496,0,154.2457197996955,NaN,NaN
0,0.0001,3,3,120,9,69.44444444444444,3,-0.8,0.2,0,1,10,0,16.156190141455095,17.857283037842098,0.07687803280846683,0,516.5109208789264,NaN,NaN
0,0.0001,3,3,120,9,69.44444444444444,3,-0.8,0.2,0,1,30,0,19.831092117176667,21.80822382460025,0.14321664278356105,0,631.5626215657979,NaN,NaN
0,0.0001,3,3,120,9,69.44444444444444,3,-0.8,0.2,0,1,100,0.1111111111111111,20.096071092074176,21.935718337626128,0.2898142439236613,0.16666666666666666,636.1818238674103,NaN,NaN
0,0.0001,3,3,120,9,69.44444444444444,3,-0.8,0.2,0,1,300,0.1111111111111111,17.038448297888436,20.40561121467057,22.113932244842683,0.16666666666666666,797.6544954690007,NaN,NaN
0,0.0001,3,3,120,9,69.44444444444444,3,-0.8,0.2,0,1,1000,0.2222222222222222,17.199523846816305,18.67532226563969,22.10556280536022,0.3333333333333333,899.5202905802573,NaN,NaN
0,0.0001,3,3,120,9,69.44444444444444,3,-0.8,0.2,0,1,3000,0.2222222222222222,17.196082818945758,18.671002715055106,22.10781519872895,0.3333333333333333,899.4230522688156,NaN,NaN
0,0.0001,3,3,120,9,69.44444444444444,3,-0.8,0.2,0,2,1,0,2.532034260662312,2.5965342777264877,0.004077275785956452,0,103.00182519697857,NaN,NaN
0,0.0001,3,3,120,9,69.44444444444444,3,-0.8,0.2,0,2,3,0,4.829760138883947,5.154783314871217,0.013322440605123475,0,199.33385281663627,NaN,NaN
0,0.0001,3,3,120,9,69.44444444444444,3,-0.8,0.2,0,2,10,0,15.093378505955293,16.758265105644224,0.04536775361262366,0,646.8383004212961,NaN,NaN
0,0.0001,3,3,120,9,69.44444444444444,3,-0.8,0.2,0,2,30,0,18.353866241922766,20.4057800707367,0.06714931412561298,0,787.4286923696678,NaN,NaN
0,0.0001,3,3,120,9,69.44444444444444,3,-0.8,0.2,0,2,100,0,18.65248630675136,20.621409998946536,0.07313525556786034,0,794.4521561583308,NaN,NaN
0,0.0001,3,3,120,9,69.44444444444444,3,-0.8,0.2,0,2,300,0,18.962735363056268,20.83817692689163,0.08101615516993015,0,801.266153544528,NaN,NaN
0,0.0001,3,3,120,9,69.44444444444444,3,-0.8,0.2,0,2,1000,0.2222222222222222,18.722297502334328,19.795339802060745,20.173067550210327,0.4,959.8171467373965,NaN,NaN
0,0.0001,3,3,120,9,69.44444444444444,3,-0.8,0.2,0,2,3000,0.3333333333333333,15.797114857200038,17.75804855951563,20.03990545262927,0.6,1173.7813063696078,NaN,NaN
0,0.0001,3,3,120,9,69.44444444444444,3,-0.8,0.2,0,3,1,0,2.508130350173208,2.580689383899821,0.005017350725111097,0,178.13284548669978,-0.0006410827764754112,1.9999994141852677
0,0.0001,3,3,120,9,69.44444444444444,3,-0.8,0.2,0,3,3,0,4.5791408259166655,4.939049791904835,0.012343855301422239,0,333.00912401710536,-0.0006410827764754112,1.9999994141852677
0,0.0001,3,3,120,9,69.44444444444444,3,-0.8,0.2,0,3,10,0,12.546627730648456,14.225386043419926,0.029664380155937184,0,957.3149306343123,-0.0006410827764754112,1.9999994141852677
0,0.0001,3,3,120,9,69.44444444444444,3,-0.8,0.2,0,3,30,0,14.926660884147038,16.978788719815125,0.03664888210188233,0,1141.2633661504876,-0.0006410827764754112,1.9999994141852677
0,0.0001,3,3,120,9,69.44444444444444,3,-0.8,0.2,0,3,100,0,15.632807409512699,17.34877963177469,0.0493293618039905,0,1161.5770817881871,-0.0006410827764754112,1.9999994141852677
0,0.0001,3,3,120,9,69.44444444444444,3,-0.8,0.2,0,3,300,0,15.954985637915184,17.556268280403128,0.11052074952247888,0,1172.3507891003824,-0.0006410827764754112,1.9999994141852677
0,0.0001,3,3,120,9,69.44444444444444,3,-0.8,0.2,0,3,1000,0,15.942725300494779,17.54907680705628,0.1368968820764277,0,1171.9123268402361,-0.0006410827764754112,1.9999994141852677
0,0.0001,3,3,120,9,69.44444444444444,3,-0.8,0.2,0,3,3000,0,15.942700650588307,17.549059703636235,0.1369188714908958,0,1171.9112082349886,-0.0006410827764754112,1.9999994141852677
0,0.0001,3,3,120,9,69.44444444444444,3.4,-0.8,0.2,0,1,1,0,2.8973411341339874,2.962975030875892,0.007053383734542727,0,87.78869517136118,NaN,NaN
0,0.0001,3,3,120,9,69.44444444444444,3.4,-0.8,0.2,0,1,3,0,6.872182908002292,7.298217477689781,0.028517598741950242,0,211.33649466045355,NaN,NaN
0,0.0001,3,3,120,9,69.44444444444444,3.4,-0.8,0.2,0,1,10,0,22.948809212154003,25.04208400049662,0.12686860522898982,0,724.9237275273073,NaN,NaN
0,0.0001,3,3,120,9,69.44444444444444,3.4,-0.8,0.2,0,1,30,0.2222222222222222,26.37692594743266,28.773627924307817,0.7927152545606302,0.3333333333333333,840.5483150304442,NaN,NaN
0,0.0001,3,3,120,9,69.44444444444444,3.4,-0.8,0.2,0,1,100,0.2222222222222222,21.349733396318523,24.087334994442188,29.282498357104814,0.3333333333333333,1172.366934585841,NaN,NaN
0,0.0001,3,3,120,9,69.44444444444444,3.4,-0.8,0.2,0,1,300,0.5555555555555556,21.831809017023215,22.459061188866258,23.004802226090202,0.8333333333333334,1666.83382181269,NaN,NaN
0,0.0001,3,3,120,9,69.44444444444444,3.4,-0.8,0.2,0,1,1000,0.5555555555555556,22.02943720418457,22.544579401272035,22.8451228241445,0.8333333333333334,1667.2389008638263,NaN,NaN
0,0.0001,3,3,120,9,69.44444444444444,3.4,-0.8,0.2,0,1,3000,0.5555555555555556,22.02977548551672,22.544737940414763,22.844865315018616,0.8333333333333334,1667.2379172855065,NaN,NaN
0,0.0001,3,3,120,9,69.44444444444444,3.4,-0.8,0.2,0,2,1,0,2.853626775417233,2.926114186922633,0.0045943207214984546,0,116.07768801766883,NaN,NaN
0,0.0001,3,3,120,9,69.44444444444444,3.4,-0.8,0.2,0,2,3,0,6.634618358767805,7.058970441949342,0.018485660348586397,0,272.9914063884469,NaN,NaN
0,0.0001,3,3,120,9,69.44444444444444,3.4,-0.8,0.2,0,2,10,0,21.562560415350426,23.569982402304163,0.07474556060802261,0,910.0639238975641,NaN,NaN
0,0.0001,3,3,120,9,69.44444444444444,3.4,-0.8,0.2,0,2,30,0,24.599346258260017,26.992568500931007,0.11673158994710581,0,1042.1897516704607,NaN,NaN
0,0.0001,3,3,120,9,69.44444444444444,3.4,-0.8,0.2,0,2,100,0,24.941993248072155,27.240566516657026,0.12617456388611353,0,1050.024365303442,NaN,NaN
0,0.0001,3,3,120,9,69.44444444444444,3.4,-0.8,0.2,0,2,300,0.3333333333333333,21.91408875581807,24.392054266693545,26.489345192901055,0.6,1439.0875636246035,NaN,NaN
0,0.0001,3,3,120,9,69.44444444444444,3.4,-0.8,0.2,0,2,1000,0.5555555555555556,19.914084939633838,20.632405963228567,22.39406913699544,1,1724.780670677818,NaN,NaN
0,0.0001,3,3,120,9,69.44444444444444,3.4,-0.8,0.2,0,2,3000,0.5555555555555556,19.91405174482122,20.632443732006767,22.394007202164037,1,1724.7787756867942,NaN,NaN
0,0.0001,3,3,120,9,69.44444444444444,3.4,-0.8,0.2,0,3,1,0,2.823250714300838,2.9042941147846806,0.00564554931572885,0,200.473702771901,NaN,NaN
0,0.0001,3,3,120,9,69.44444444444444,3.4,-0.8,0.2,0,3,3,0,6.2256038459252245,6.685533416943499,0.016760355682262564,0,450.80374229170553,NaN,NaN
0,0.0001,3,3,120,9,69.44444444444444,3.4,-0.8,0.2,0,3,10,0,17.826914809889004,19.789135840335256,0.04251870151060894,0,1331.986077406193,NaN,NaN
0,0.0001,3,3,120,9,69.44444444444444,3.4,-0.8,0.2,0,3,30,0,20.113491709381183,22.412716922272683,0.05422506020016989,0,1506.81000692043,NaN,NaN
0,0.0001,3,3,120,9,69.44444444444444,3.4,-0.8,0.2,0,3,100,0,20.91986274391093,22.842265108030322,0.08497678555474003,0,1529.824174130335,NaN,NaN
0,0.0001,3,3,120,9,69.44444444444444,3.4,-0.8,0.2,0,3,300,0.1111111111111111,21.29696233912101,22.155692033461147,19.811065784525745,0.5,1667.79020814094,NaN,NaN
0,0.0001,3,3,120,9,69.44444444444444,3.4,-0.8,0.2,0,3,1000,0.1111111111111111,21.272465834886678,22.150550858806273,19.793580353472553,0.5,1667.2391247071023,NaN,NaN
0,0.0001,3,3,120,9,69.44444444444444,3.4,-0.8,0.2,0,3,3000,0.1111111111111111,21.272428055855606,22.150530104784007,19.793569104067256,0.5,1667.2379172855117,NaN,NaN
0,0.0001,3,3,120,9,69.44444444444444,4,-0.8,0.2,0,1,1,0,3.3873537979248454,3.4642211116465638,0.008245913293414692,0,102.64157958761695,NaN,NaN
0,0.0001,3,3,120,9,69.44444444444444,4,-0.8,0.2,0,1,3,0,10.149696503479218,10.754636800134731,0.04348571592156551,0,311.4778129097076,NaN,NaN
0,0.0001,3,3,120,9,69.44444444444444,4,-0.8,0.2,0,1,10,0.1111111111111111,33.0182715803142,35.6753941397647,0.2525445000710771,0.16666666666666666,1034.2595467171582,NaN,NaN
0,0.0001,3,3,120,9,69.44444444444444,4,-0.8,0.2,0,1,30,0.3333333333333333,34.86747594649475,38.5533611617087,14.472485715470064,0.5,1264.1300684382547,NaN,NaN
0,0.0001,3,3,120,9,69.44444444444444,4,-0.8,0.2,0,1,100,0.5555555555555556,29.21615641871186,30.387547555706732,33.815517449680314,0.8333333333333334,2107.356743554935,NaN,NaN
0,0.0001,3,3,120,9,69.44444444444444,4,-0.8,0.2,0,1,300,0.6666666666666666,26.62030633891656,28.36017885888873,28.777835780700443,1,2342.8127415646427,NaN,NaN
0,0.0001,3,3,120,9,69.44444444444444,4,-0.8,0.2,0,1,1000,0.6666666666666666,26.85945534917905,28.399786615972715,28.764219057793817,1,2342.512294237877,NaN,NaN
0,0.0001,3,3,120,9,69.44444444444444,4,-0.8,0.2,0,1,3000,0.6666666666666666,26.859579721038923,28.399788953572315,28.76416620136753,1,2342.511811005763,NaN,NaN
0,0.0001,3,3,120,9,69.44444444444444,4,-0.8,0.2,0,2,1,0,3.3360153302541318,3.420483837148209,0.005369888065683196,0,135.69147521922727,NaN,NaN
0,0.0001,3,3,120,9,69.44444444444444,4,-0.8,0.2,0,2,3,0,9.810508211413499,10.395482220235664,0.027874522253294905,0,402.0733812553105,NaN,NaN
0,0.0001,3,3,120,9,69.44444444444444,4,-0.8,0.2,0,2,10,0,31.153213856812258,33.64764084228097,0.13557428655917422,0,1299.892352086951,NaN,NaN
0,0.0001,3,3,120,9,69.44444444444444,4,-0.8,0.2,0,2,30,0.1111111111111111,33.92092778862708,36.84830485859099,0.3390219855882632,0.2,1425.7691765942793,NaN,NaN
0,0.0001,3,3,120,9,69.44444444444444,4,-0.8,0.2,0,2,100,0.4444444444444444,28.277808236757576,31.635541659501072,35.38890384142584,0.8,1927.8049308097943,NaN,NaN
0,0.0001,3,3,120,9,69.44444444444444,4,-0.8,0.2,0,2,300,0.5555555555555556,29.219827631246957,29.7380467228984,31.01312884974233,1,2270.965092887792,NaN,NaN
0,0.0001,3,3,120,9,69.44444444444444,4,-0.8,0.2,0,2,1000,0.5555555555555556,26.859589688607784,28.048698632784152,30.53303145303913,1,2342.5115863867068,NaN,NaN
0,0.0001,3,3,120,9,69.44444444444444,4,-0.8,0.2,0,2,3000,0.5555555555555556,26.859579721038795,28.048671534959034,30.53301312361527,1,2342.5118110057647,NaN,NaN
0,0.0001,3,3,120,9,69.44444444444444,4,-0.8,0.2,0,3,1,0,3.29593096512642,3.3897009670634333,0.006587848600277644,0,233.9849753265551,NaN,NaN
0,0.0001,3,3,120,9,69.44444444444444,4,-0.8,0.2,0,3,3,0,9.079764874814723,9.69562389067492,0.0244939256149716,0,653.8524602407355,NaN,NaN
0,0.0001,3,3,120,9,69.44444444444444,4,-0.8,0.2,0,3,10,0,25.679566310267454,28.02693284969581,0.06452816275013132,0,1886.7998177360646,NaN,NaN
0,0.0001,3,3,120,9,69.44444444444444,4,-0.8,0.2,0,3,30,0,27.814307312381974,30.516299872600435,0.09992744615581173,0,2052.100418890099,NaN,NaN
0,0.0001,3,3,120,9,69.44444444444444,4,-0.8,0.2,0,3,100,0.1111111111111111,28.76877189262364,30.661101386333105,14.666483923958342,0.5,2192.12871461378,NaN,NaN
0,0.0001,3,3,120,9,69.44444444444444,4,-0.8,0.2,0,3,300,0.2222222222222222,29.228757484642433,30.05653291180851,27.394861751608875,1,2269.549081821768,NaN,NaN
0,0.0001,3,3,120,9,69.44444444444444,4,-0.8,0.2,0,3,1000,0.2222222222222222,26.85948619002804,28.199181032223358,26.928479680787618,1,2342.5119575224203,NaN,NaN
0,0.0001,3,3,120,9,69.44444444444444,4,-0.8,0.2,0,3,3000,0.2222222222222222,26.85957972103894,28.199150428650434,26.928395134681708,1,2342.5118110057633,NaN,NaN
0,0.0001,3,3,120,9,69.44444444444444,5,-0.8,0.2,0,1,1,0,4.204041205066684,4.299630913557785,0.01023346224537633,0,127.39637860756423,NaN,NaN
0,0.0001,3,3,120,9,69.44444444444444,5,-0.8,0.2,0,1,3,0,16.66598878721727,17.606725049708448,0.07544692322939645,0,510.0735913779307,NaN,NaN
0,0.0001,3,3,120,9,69.44444444444444,5,-0.8,0.2,0,1,10,0.3333333333333333,49.533728966950825,53.12493411293488,0.6075578589464397,0.5,1544.7302293343887,NaN,NaN
0,0.0001,3,3,120,9,69.44444444444444,5,-0.8,0.2,0,1,30,0.5555555555555556,45.707746507678486,52.2990901952813,46.62433632694986,0.8333333333333334,2182.4302483505894,NaN,NaN
0,0.0001,3,3,120,9,69.44444444444444,5,-0.8,0.2,0,1,100,0.6666666666666666,37.62920609974577,39.99309263071478,45.25563016239497,1,3230.778184237987,NaN,NaN
0,0.0001,3,3,120,9,69.44444444444444,5,-0.8,0.2,0,1,300,0.6666666666666666,37.8949931315708,40.59658831628585,41.775503055920666,1,3357.8258131088073,NaN,NaN
0,0.0001,3,3,120,9,69.44444444444444,5,-0.8,0.2,0,1,1000,0.6666666666666666,38.403172849567966,40.70979280238132,41.69942907698496,1,3368.517253998479,NaN,NaN
0,0.0001,3,3,120,9,69.44444444444444,5,-0.8,0.2,0,1,3000,0.6666666666666666,38.403268620310534,40.70983132777226,41.69932480999202,1,3368.519623058069,NaN,NaN
0,0.0001,3,3,120,9,69.44444444444444,5,-0.8,0.2,0,2,1,0,4.139995900613881,4.244432905807956,0.006662500209322599,0,168.38110908812013,NaN,NaN
0,0.0001,3,3,120,9,69.44444444444444,5,-0.8,0.2,0,2,3,0,16.13404637152711,17.002131669977906,0.04768862386998832,0,657.7281627356932,NaN,NaN
0,0.0001,3,3,120,9,69.44444444444444,5,-0.8,0.2,0,2,10,0.1111111111111111,46.880952784870956,50.1830365868547,0.2926458519983069,0.2,1940.9638814671778,NaN,NaN
0,0.0001,3,3,120,9,69.44444444444444,5,-0.8,0.2,0,2,30,0.2222222222222222,49.075257684189786,52.91324993873465,7.894663549908908,0.4,2160.484276853473,NaN,NaN
0,0.0001,3,3,120,9,69.44444444444444,5,-0.8,0.2,0,2,100,0.4444444444444444,41.4414471830285,42.38273622589489,44.28876637710004,0.8,3248.249741497278,NaN,NaN
0,0.0001,3,3,120,9,69.44444444444444,5,-0.8,0.2,0,2,300,0.5555555555555556,38.40242632811263,40.40508064577145,44.02680234701657,1,3369.622165049525,NaN,NaN
0,0.0001,3,3,120,9,69.44444444444444,5,-0.8,0.2,0,2,1000,0.5555555555555556,38.403309324700245,40.368595516356265,44.05383152177298,1,3368.5188774929024,NaN,NaN
0,0.0001,3,3,120,9,69.44444444444444,5,-0.8,0.2,0,2,3000,0.5555555555555556,38.403268620310286,40.36857660481468,44.05383718404174,1,3368.519623058073,NaN,NaN
0,0.0001,3,3,120,9,69.44444444444444,5,-0.8,0.2,0,3,1,0,4.083730899592019,4.198711987694188,0.008158349702444001,0,289.83707434115973,NaN,NaN
0,0.0001,3,3,120,9,69.44444444444444,5,-0.8,0.2,0,3,3,0,14.654563746262918,15.531790448829977,0.039920773317016364,0,1047.6105778686895,NaN,NaN
0,0.0001,3,3,120,9,69.44444444444444,5,-0.8,0.2,0,3,10,0,38.59309154642295,41.55775532323148,0.11550489987987289,0,2798.2387577970444,NaN,NaN
0,0.0001,3,3,120,9,69.44444444444444,5,-0.8,0.2,0,3,30,0.1111111111111111,40.57969813459254,43.98703216066092,0.697305603587321,0.5,2963.2570227971714,NaN,NaN
0,0.0001,3,3,120,9,69.44444444444444,5,-0.8,0.2,0,3,100,0.1111111111111111,41.190012584586746,42.744048981753814,40.11542880504545,0.5,3246.4338922329503,NaN,NaN
0,0.0001,3,3,120,9,69.44444444444444,5,-0.8,0.2,0,3,300,0.2222222222222222,38.17125946856946,40.52294566782083,39.336735483150726,1,3370.1125868737445,NaN,NaN
0,0.0001,3,3,120,9,69.44444444444444,5,-0.8,0.2,0,3,1000,0.2222222222222222,38.40317916747461,40.51485603081926,39.259364187444234,1,3368.5189855625113,NaN,NaN
0,0.0001,3,3,120,9,69.44444444444444,5,-0.8,0.2,0,3,3000,0.2222222222222222,38.40326862031051,40.51482862893936,39.259271544155084,1,3368.5196230580696,NaN,NaN
