arch,n,noise,Ld,cellPx,gapPx,pitch_um,cells,bits_per_mm2,G0,s,Ia,seed,t,ber,on_min,on_mean,off_max,lyapunov_at_end,intensity_residual
B_4f,128,0,0,3,2,317.5,16,9.92,3,-0.8,0.2,1,1,0,1.5067695236073724,1.6868634185822402,0.004826686734737903,-0.00029367925017034384,0.00025505161572555416
B_4f,128,0,0,3,2,317.5,16,9.92,3,-0.8,0.2,1,3,0,1.23987643201055,1.5081054270100345,0.006939863258253244,-0.00029367925017034384,0.00025505161572555416
B_4f,128,0,0,3,2,317.5,16,9.92,3,-0.8,0.2,1,10,0,0.9045006239368004,1.2614976270508507,0.001921469594216728,-0.00029367925017034384,0.00025505161572555416
B_4f,128,0,0,3,2,317.5,16,9.92,3,-0.8,0.2,1,30,0,0.6985960347032703,1.1103607052585143,0.001436982852710563,-0.00029367925017034384,0.00025505161572555416
B_4f,128,0,0,3,2,317.5,16,9.92,3,-0.8,0.2,1,100,0,0.6690664755071718,1.1157428217449434,0.0011577423371561873,-0.00029367925017034384,0.00025505161572555416
B_4f,128,0,0,3,2,317.5,16,9.92,3,-0.8,0.2,1,300,0,0.7024115152651212,1.180934873207273,0.002401990697045731,-0.00029367925017034384,0.00025505161572555416
B_4f,128,0,0,3,2,317.5,16,9.92,3,-0.8,0.2,1,1000,0,0.6979336412805336,1.260875296549983,0.006442143844521005,-0.00029367925017034384,0.00025505161572555416
B_4f,128,0,0,3,2,317.5,16,9.92,3,-0.8,0.2,1,3000,0,0.6672826828164496,1.2537589770185638,0.004075322621426406,-0.00029367925017034384,0.00025505161572555416
B_4f,128,0,0,3,2,317.5,16,9.92,3,-0.8,0.2,2,1,0,1.5108284891860124,1.6899669462261366,0.0027628234340112074,-0.0006160563585043797,0.00026781753534723155
B_4f,128,0,0,3,2,317.5,16,9.92,3,-0.8,0.2,2,3,0,1.2532345763140937,1.5160629253771996,0.004553128977559531,-0.0006160563585043797,0.00026781753534723155
B_4f,128,0,0,3,2,317.5,16,9.92,3,-0.8,0.2,2,10,0,0.916992748731817,1.2742625174557658,0.002109593039659428,-0.0006160563585043797,0.00026781753534723155
B_4f,128,0,0,3,2,317.5,16,9.92,3,-0.8,0.2,2,30,0,0.7114232263591895,1.1263314714283994,0.0015196920023476462,-0.0006160563585043797,0.00026781753534723155
B_4f,128,0,0,3,2,317.5,16,9.92,3,-0.8,0.2,2,100,0,0.6775292518340523,1.1344570582450808,0.0011989320306280546,-0.0006160563585043797,0.00026781753534723155
B_4f,128,0,0,3,2,317.5,16,9.92,3,-0.8,0.2,2,300,0,0.6945268526054724,1.1939522481340255,0.0018556701018413685,-0.0006160563585043797,0.00026781753534723155
B_4f,128,0,0,3,2,317.5,16,9.92,3,-0.8,0.2,2,1000,0,0.6774877438924125,1.2556490428338587,0.003151172061632737,-0.0006160563585043797,0.00026781753534723155
B_4f,128,0,0,3,2,317.5,16,9.92,3,-0.8,0.2,2,3000,0,0.6713509028693824,1.2507483751243604,0.002671170046865318,-0.0006160563585043797,0.00026781753534723155
B_4f,128,0,0,3,2,317.5,16,9.92,3,-0.8,0.2,3,1,0,1.506024385201143,1.7248722708281066,0.003969779115825324,-0.0009217509888755578,0.0003678969674154483
B_4f,128,0,0,3,2,317.5,16,9.92,3,-0.8,0.2,3,3,0,1.2398006373168389,1.5673675262809192,0.0049202227909839556,-0.0009217509888755578,0.0003678969674154483
B_4f,128,0,0,3,2,317.5,16,9.92,3,-0.8,0.2,3,10,0,0.9035903307774351,1.3449641612399286,0.0007501327200426644,-0.0009217509888755578,0.0003678969674154483
B_4f,128,0,0,3,2,317.5,16,9.92,3,-0.8,0.2,3,30,0,0.6993943997598326,1.2089075531314528,0.0007029186896773894,-0.0009217509888755578,0.0003678969674154483
B_4f,128,0,0,3,2,317.5,16,9.92,3,-0.8,0.2,3,100,0,0.6801385155223378,1.2178929103956133,0.0007051595122360666,-0.0009217509888755578,0.0003678969674154483
B_4f,128,0,0,3,2,317.5,16,9.92,3,-0.8,0.2,3,300,0,0.7190895847252514,1.2997885207626538,0.002231668655711905,-0.0009217509888755578,0.0003678969674154483
B_4f,128,0,0,3,2,317.5,16,9.92,3,-0.8,0.2,3,1000,0,0.7100134103458489,1.3674339299298803,0.0037930758134510287,-0.0009217509888755578,0.0003678969674154483
B_4f,128,0,0,3,2,317.5,16,9.92,3,-0.8,0.2,3,3000,0,0.6645989400171819,1.3670372064432887,0.006795716354920039,-0.0009217509888755578,0.0003678969674154483
B_4f,128,0,0,3,4,444.5,9,5.06,3,-0.8,0.2,1,1,0,1.5139600315148156,1.678281185632704,0.0017491579376728286,-0.0009385274240533337,0.00005395581470576627
B_4f,128,0,0,3,4,444.5,9,5.06,3,-0.8,0.2,1,3,0,1.2600278788942174,1.484030794401218,0.002487483464550851,-0.0009385274240533337,0.00005395581470576627
B_4f,128,0,0,3,4,444.5,9,5.06,3,-0.8,0.2,1,10,0,0.9223786148143915,1.2231957372981472,0.0007577527831080764,-0.0009385274240533337,0.00005395581470576627
B_4f,128,0,0,3,4,444.5,9,5.06,3,-0.8,0.2,1,30,0,0.7209561809658881,1.0547865005527768,0.00027565912029311134,-0.0009385274240533337,0.00005395581470576627
B_4f,128,0,0,3,4,444.5,9,5.06,3,-0.8,0.2,1,100,0,0.6856151831406782,1.0650306070951208,0.0003019788449723096,-0.0009385274240533337,0.00005395581470576627
B_4f,128,0,0,3,4,444.5,9,5.06,3,-0.8,0.2,1,300,0,0.6809435578412864,1.1261058804743798,0.0005470992378855698,-0.0009385274240533337,0.00005395581470576627
B_4f,128,0,0,3,4,444.5,9,5.06,3,-0.8,0.2,1,1000,0,0.6794373117509883,1.1380126036080624,0.0007017113835380866,-0.0009385274240533337,0.00005395581470576627
B_4f,128,0,0,3,4,444.5,9,5.06,3,-0.8,0.2,1,3000,0,0.679446281880922,1.1386683103605493,0.0006890126834866799,-0.0009385274240533337,0.00005395581470576627
B_4f,128,0,0,3,4,444.5,9,5.06,3,-0.8,0.2,2,1,0,1.5568667958989044,1.6603943006637334,0.0009500827463056553,-0.0003609215945440505,0.00010604231366450913
B_4f,128,0,0,3,4,444.5,9,5.06,3,-0.8,0.2,2,3,0,1.3249862036816187,1.4617993321246572,0.0009100986640313104,-0.0003609215945440505,0.00010604231366450913
B_4f,128,0,0,3,4,444.5,9,5.06,3,-0.8,0.2,2,10,0,1.0033066102864043,1.1894502674223941,0.00048410709248476535,-0.0003609215945440505,0.00010604231366450913
B_4f,128,0,0,3,4,444.5,9,5.06,3,-0.8,0.2,2,30,0,0.8004436095685554,1.012019690779513,0.0002729807213228501,-0.0003609215945440505,0.00010604231366450913
B_4f,128,0,0,3,4,444.5,9,5.06,3,-0.8,0.2,2,100,0,0.7242414505717475,0.9908800367637232,0.0002811352534046353,-0.0003609215945440505,0.00010604231366450913
B_4f,128,0,0,3,4,444.5,9,5.06,3,-0.8,0.2,2,300,0,0.712467210762458,1.0357574411041695,0.0007719434911747909,-0.0003609215945440505,0.00010604231366450913
B_4f,128,0,0,3,4,444.5,9,5.06,3,-0.8,0.2,2,1000,0,0.7119493435388758,1.0431676457139873,0.0004590818387112166,-0.0003609215945440505,0.00010604231366450913
B_4f,128,0,0,3,4,444.5,9,5.06,3,-0.8,0.2,2,3000,0,0.7162087795556424,1.0438305294233077,0.0009958788350267207,-0.0003609215945440505,0.00010604231366450913
B_4f,128,0,0,3,4,444.5,9,5.06,3,-0.8,0.2,3,1,0,1.5142900219445297,1.668954277789581,0.0023669476094308004,-0.0005643544104787164,0.00011950047317759081
B_4f,128,0,0,3,4,444.5,9,5.06,3,-0.8,0.2,3,3,0,1.2608482139854056,1.4727556116040286,0.0024163341479903457,-0.0005643544104787164,0.00011950047317759081
B_4f,128,0,0,3,4,444.5,9,5.06,3,-0.8,0.2,3,10,0,0.9236002263081579,1.206024156305041,0.0008818494094999179,-0.0005643544104787164,0.00011950047317759081
B_4f,128,0,0,3,4,444.5,9,5.06,3,-0.8,0.2,3,30,0,0.7243682850617321,1.0331369061665536,0.00048104767163912785,-0.0005643544104787164,0.00011950047317759081
B_4f,128,0,0,3,4,444.5,9,5.06,3,-0.8,0.2,3,100,0,0.6895740926670704,1.0233804519108138,0.0005678663894649013,-0.0005643544104787164,0.00011950047317759081
B_4f,128,0,0,3,4,444.5,9,5.06,3,-0.8,0.2,3,300,0,0.6801320591683077,1.0712773252039318,0.001519137645814982,-0.0005643544104787164,0.00011950047317759081
B_4f,128,0,0,3,4,444.5,9,5.06,3,-0.8,0.2,3,1000,0,0.6758367784364457,1.0823662648031906,0.001006178234918116,-0.0005643544104787164,0.00011950047317759081
B_4f,128,0,0,3,4,444.5,9,5.06,3,-0.8,0.2,3,3000,0,0.676917895578061,1.0838043495277745,0.002073281789564946,-0.0005643544104787164,0.00011950047317759081
